{
  "ks": [
    0,
    1,
    2,
    3,
    4,
    5,
    6,
    7,
    8,
    9,
    10,
    11,
    12,
    13,
    14,
    15,
    16,
    17,
    18,
    19,
    20,
    21,
    22,
    23,
    24,
    25,
    26,
    27,
    28,
    29,
    30,
    31,
    32,
    33,
    34,
    35,
    36,
    37,
    38,
    39,
    40,
    41,
    42,
    43,
    44,
    45,
    46,
    47,
    48,
    49,
    50,
    51,
    52,
    53,
    54,
    55,
    56,
    57,
    58,
    59,
    60,
    61,
    62,
    63,
    64,
    65,
    66,
    67,
    68,
    69,
    70,
    71,
    72,
    73,
    74,
    75,
    76,
    77,
    78,
    79,
    80,
    81,
    82,
    83,
    84,
    85,
    86,
    87,
    88,
    89,
    90,
    91,
    92,
    93,
    94,
    95,
    96,
    97,
    98,
    99,
    100
  ],
  "means": [
    -21.50390625,
    -29.90626356333333,
    -30.426681094259262,
    -29.92552580648148,
    -29.700845571538462,
    -30.063643341199995,
    -30.531926472708335,
    -31.28755150695652,
    -30.10830107190476,
    -29.55722336619048,
    -28.63994764,
    -28.152035686486485,
    -29.42881535114286,
    -27.49496650771428,
    -28.649924009375,
    -28.865592956129035,
    -27.268442460967744,
    -27.499340820333327,
    -27.677482868620686,
    -26.015923500000003,
    -28.391516791111112,
    -25.884587607037037,
    -27.49213101423077,
    -27.767206046153845,
    -28.350084744615387,
    -28.403603096799998,
    -29.031439347272727,
    -27.739078703809522,
    -27.332409450476185,
    -28.48430233809524,
    -28.56455703047619,
    -28.288269804000002,
    -29.122187352000005,
    -28.970030402499997,
    -30.999072264000006,
    -28.542776013,
    -29.16907419631579,
    -28.210391574444444,
    -30.628704071666668,
    -29.221420698333336,
    -27.26023525722222,
    -26.832093631764707,
    -24.80401720705882,
    -24.75346082117647,
    -27.24420191466667,
    -26.892848968,
    -28.687834603571428,
    -28.841392516428574,
    -29.209963116428572,
    -25.33421373214285,
    -27.92302513285714,
    -26.999446324285714,
    -29.469152596153847,
    -27.75488516,
    -28.245467259999998,
    -30.167966404615388,
    -29.022823627692308,
    -25.926283689999998,
    -27.087246100833337,
    -26.56374088833334,
    -24.36524772583333,
    -25.763997394999993,
    -27.2671012875,
    -27.999047597499995,
    -25.94134139916667,
    -26.249632199166665,
    -26.86077722083333,
    -24.630926768333335,
    -24.655213675,
    -24.613061268333336,
    -25.232355754166665,
    -26.564262389999996,
    -28.67699178166667,
    -26.874821502499998,
    -25.979408899166668,
    -26.942855835000003,
    -28.5314802325,
    -27.381163279166667,
    -29.290501851666665,
    -29.707450250833332,
    -29.415290831666667,
    -30.255174000833335,
    -25.276057005833334,
    -27.628473679166664,
    -26.955230555833328,
    -25.063491185833332,
    -25.301342011666673,
    -25.669762611666666,
    -26.183489797500002,
    -27.851278385833336,
    -29.529127279166673,
    -26.211359023333333,
    -27.630957285000004,
    -26.95612080833334,
    -26.992259630000003,
    -28.53436487272727,
    -26.76571898,
    -29.06786693272727,
    -29.380491639000002,
    -32.670802309,
    -28.033351134000004
  ],
  "stds": [
    0.0,
    3.2532200282877324,
    3.3623266619661916,
    3.431041119025539,
    3.8974914952327637,
    4.6633943053488265,
    3.5966349555322727,
    3.2564619897573115,
    3.2138789059716397,
    4.223560282263534,
    3.553374779176275,
    5.418247192126509,
    4.493245742191966,
    4.943208784799056,
    5.410932180186466,
    6.194079707906108,
    5.752675580285075,
    4.8586113137479,
    6.003723330301176,
    5.344337218665125,
    5.512332226853284,
    6.24487419302778,
    6.692969633597675,
    6.218912722748911,
    5.522657552617665,
    7.498857207595865,
    5.820167958117106,
    7.882582858592079,
    6.461043435373516,
    5.64241447431535,
    6.465627280011906,
    3.7989056026743224,
    6.5628535802231935,
    5.762192319506414,
    4.91966627387487,
    5.424471536841862,
    5.400244715917233,
    6.223707292756492,
    5.822464586706904,
    7.4512412411415045,
    5.334983507532756,
    5.19760224956591,
    6.2856040520847625,
    6.405069513078515,
    4.15469777552484,
    6.186166561852759,
    6.414153026121687,
    6.494489172652294,
    6.9689708482357835,
    5.330858439277341,
    6.712470886257016,
    9.784138074145861,
    7.484767155710084,
    6.791494030529659,
    6.503670460420246,
    6.259104280631652,
    6.744866228300124,
    7.765085686116327,
    7.55807452650557,
    5.3211930031735575,
    7.154029503067803,
    7.732629842395276,
    6.921136053862621,
    8.480644158104509,
    7.730299492675266,
    6.384057216693611,
    9.153920934746616,
    7.219973826736134,
    7.433436174172258,
    6.55794256041884,
    7.042546979257899,
    8.841741747565495,
    8.769158270407724,
    5.941279626661975,
    5.679978327841359,
    3.756170372089797,
    4.597981512368026,
    5.91392960680944,
    5.133156832306152,
    5.198287969239458,
    8.14897860876504,
    6.20408608693537,
    7.491092434291022,
    4.934229802176303,
    6.896863054462682,
    5.928460531265825,
    6.017363059432716,
    5.8093402406078525,
    6.037940452432677,
    5.475924015228815,
    6.103502782685071,
    9.028653881542049,
    7.492116198562987,
    7.7440159725544655,
    6.921115386203291,
    8.27337315698744,
    5.927681505587167,
    6.57734042945804,
    8.015400894482164,
    6.742395990587312,
    7.112220972410497
  ],
  "n": 56
}