{
  "ks": [
    0,
    1,
    2,
    3,
    4,
    5,
    6,
    7,
    8,
    9,
    10,
    11,
    12,
    13,
    14,
    15,
    16,
    17,
    18,
    19,
    20,
    21,
    22,
    23,
    24,
    25,
    26,
    27,
    28,
    29,
    30,
    31,
    32,
    33,
    34,
    35,
    36,
    37,
    38,
    39,
    40,
    41,
    42,
    43,
    44,
    45,
    46,
    47,
    48,
    49,
    50,
    51,
    52,
    53,
    54,
    55,
    56,
    57,
    58,
    59,
    60,
    61,
    62,
    63,
    64,
    65,
    66,
    67,
    68,
    69,
    70,
    71,
    72,
    73,
    74,
    75,
    76,
    77,
    78,
    79,
    80,
    81,
    82,
    83,
    84,
    85,
    86,
    87,
    88,
    89,
    90,
    91,
    92,
    93,
    94,
    95,
    96,
    97,
    98,
    99,
    100
  ],
  "means": [
    -21.50390625,
    -22.777724271909936,
    -18.88883412446345,
    -17.82321750020376,
    -16.822219821556605,
    -16.21559966400631,
    -15.695023577837837,
    -15.058330687487999,
    -15.090160559678456,
    -14.920701581696283,
    -14.207946270420713,
    -14.238026388729642,
    -14.546679609438945,
    -14.589239662695508,
    -14.751591494958124,
    -14.589897459202035,
    -14.258884450119455,
    -14.758004292131718,
    -14.35712249573913,
    -14.11781015466312,
    -14.409909816274865,
    -14.279593012459015,
    -14.370676342880735,
    -14.375102545658626,
    -14.376676297481204,
    -14.524582556342855,
    -14.405634103620692,
    -14.862359697519379,
    -14.3806434771063,
    -14.843262532857143,
    -15.065616164147842,
    -14.899662172520832,
    -14.620375279894516,
    -14.566472092193548,
    -14.726615332745096,
    -15.112159190811404,
    -14.98984997263858,
    -14.614954548013543,
    -15.377717112018347,
    -15.299391629330255,
    -15.49985911635514,
    -15.730676940189126,
    -14.821725994626506,
    -15.153039352598038,
    -15.345040264763092,
    -15.066645207208122,
    -14.942848997291668,
    -15.696722761263157,
    -16.224603768492063,
    -15.892357585721925,
    -16.415374557967482,
    -15.896543648614957,
    -15.94620958038997,
    -15.63604207745098,
    -15.391245037521365,
    -15.56281974204611,
    -15.613069116198831,
    -15.448520514735295,
    -16.329774544238806,
    -16.16518562051515,
    -16.331936385674847,
    -15.824246477763976,
    -15.097343942776025,
    -14.74865872431746,
    -15.365911544411764,
    -15.903405107269736,
    -15.895262759435216,
    -15.845843839566669,
    -16.160382458372883,
    -16.049002027602743,
    -15.03291311135417,
    -15.001538120245613,
    -16.033894171392856,
    -15.900874224480289,
    -16.269061434746376,
    -16.352483581090908,
    -16.498167180367645,
    -15.902644901185186,
    -16.000681489067162,
    -15.839427585247147,
    -16.424292968030887,
    -16.24916255691406,
    -16.411642529444446,
    -16.28957375751004,
    -16.69422391943548,
    -15.85539283467213,
    -15.991039844458333,
    -16.84067019915612,
    -16.184681763717947,
    -17.112969677074236,
    -16.77504817700893,
    -17.24358925640909,
    -17.284236137453703,
    -17.12814384,
    -16.921787910724635,
    -16.72254219684729,
    -16.97244089495,
    -16.77996502560606,
    -17.57451222502538,
    -17.06055850387755,
    -17.472707146185567
  ],
  "stds": [
    0.0,
    5.080286836495344,
    6.212248943114065,
    6.0006798113989115,
    6.6079097324572995,
    6.832291960140264,
    6.726330637656304,
    6.848925112134117,
    7.250722670973008,
    7.521759983053429,
    7.27296198499913,
    7.435150647201838,
    7.825433560554128,
    7.763775525244841,
    8.373464691607104,
    8.301029713379615,
    8.105258642028769,
    8.432389780521731,
    7.7364482367881475,
    7.720883027026638,
    8.174411196454992,
    7.956295325307082,
    7.6643710868926815,
    7.797874407987929,
    7.956423851153334,
    8.091262561085399,
    8.262917902501439,
    8.396853228265824,
    8.064217565867128,
    7.976388759651738,
    8.125039659410575,
    8.222562977285959,
    8.029400560875377,
    8.110031203889607,
    8.158006301118627,
    8.170328334515085,
    8.0868971891718,
    8.090640167667138,
    8.095210913489193,
    7.857546930868648,
    8.22767700396523,
    8.719227918080424,
    8.607391623970218,
    8.674871379525396,
    8.6560493246772,
    8.005136714062044,
    8.195330178700296,
    7.994776310472203,
    8.802553888294362,
    9.277980229713023,
    8.869750327515636,
    8.608575535451713,
    8.793638897007009,
    8.963926716068908,
    8.158534068697943,
    8.69996554372161,
    8.992600737746471,
    8.443901561963155,
    8.84542791700762,
    8.931210429090827,
    8.671241406540334,
    8.69805498896124,
    8.202351103252088,
    7.355110481834863,
    8.20125359323337,
    8.48617152013208,
    8.594789801449345,
    8.770092886825758,
    8.346222539372881,
    9.059747999706003,
    8.485229064911037,
    8.541490829976942,
    8.546776712369173,
    8.939813599082134,
    8.778026234026699,
    9.39530139949324,
    9.091497882576022,
    8.343384211003736,
    8.50261217402323,
    8.64614351478447,
    9.06783233418563,
    8.839051411803801,
    8.70145373823257,
    8.982988637666992,
    8.68204691591041,
    9.156118230822305,
    9.008212450305349,
    8.85364727720431,
    8.834661663574064,
    9.209081626731514,
    8.447803550521675,
    8.910451854467867,
    8.887638000040152,
    8.860626882862592,
    8.782724252328679,
    9.508012296894632,
    9.162468073333352,
    8.651683015195893,
    9.245891529280929,
    9.773192543448472,
    9.62389372653538
  ],
  "n": 644
}